<?xml version="1.0" encoding="ISO-8859-1"?>
<!-- xml created by Hydro-Logic xml converter -->
<GF_CONTROL>
  <GF_CONTROLItem>
    <FIELD_ID type="text">Single Record</FIELD_ID>
    <STATUS type="integer">1</STATUS>
    <DATE_MODIFIED type="date">2005-01-13 12:36:15</DATE_MODIFIED>
    <MODIFIED_BY type="text">Fred</MODIFIED_BY>
    <LAST_PANEL_ID type="double">30</LAST_PANEL_ID>
    <LAST_VERTICAL_ID type="double">16</LAST_VERTICAL_ID>
    <LAST_GAUGING_ID type="double">7</LAST_GAUGING_ID>
  </GF_CONTROLItem>
</GF_CONTROL>
