<?xml version="1.0" encoding="ISO-8859-1"?>
<!-- xml created by Hydro-Logic xml converter -->
<GF_PANELS>
  <GF_PANELSItem>
    <PANEL_ID type="double">11</PANEL_ID>
    <STAGE type="double">-999999999.999</STAGE>
    <AREA type="double">0</AREA>
    <MEAN_VELOCITY type="double">0</MEAN_VELOCITY>
    <FLOW type="double">0</FLOW>
    <VERTICAL_NUMBER type="integer">1</VERTICAL_NUMBER>
    <DISTANCE type="double">0</DISTANCE>
    <DEPTH type="double">0</DEPTH>
    <SITE_ID type="text">DEMO4</SITE_ID>
    <SAMPLE_DEPTH type="double">0</SAMPLE_DEPTH>
    <GAUGING_ID type="double">2</GAUGING_ID>
  </GF_PANELSItem>
  <GF_PANELSItem>
    <PANEL_ID type="double">12</PANEL_ID>
    <STAGE type="double">-999999999.999</STAGE>
    <AREA type="double">1.25</AREA>
    <MEAN_VELOCITY type="double">1</MEAN_VELOCITY>
    <FLOW type="double">1.25</FLOW>
    <VERTICAL_NUMBER type="integer">2</VERTICAL_NUMBER>
    <DISTANCE type="double">2.5</DISTANCE>
    <DEPTH type="double">1</DEPTH>
    <SITE_ID type="text">DEMO4</SITE_ID>
    <SAMPLE_DEPTH type="double">0.6</SAMPLE_DEPTH>
    <GAUGING_ID type="double">2</GAUGING_ID>
  </GF_PANELSItem>
  <GF_PANELSItem>
    <PANEL_ID type="double">13</PANEL_ID>
    <STAGE type="double">-999999999.999</STAGE>
    <AREA type="double">3.75</AREA>
    <MEAN_VELOCITY type="double">3</MEAN_VELOCITY>
    <FLOW type="double">11.25</FLOW>
    <VERTICAL_NUMBER type="integer">3</VERTICAL_NUMBER>
    <DISTANCE type="double">5</DISTANCE>
    <DEPTH type="double">2</DEPTH>
    <SITE_ID type="text">DEMO4</SITE_ID>
    <SAMPLE_DEPTH type="double">1.2</SAMPLE_DEPTH>
    <GAUGING_ID type="double">2</GAUGING_ID>
  </GF_PANELSItem>
  <GF_PANELSItem>
    <PANEL_ID type="double">14</PANEL_ID>
    <STAGE type="double">-999999999.999</STAGE>
    <AREA type="double">3.75</AREA>
    <MEAN_VELOCITY type="double">3</MEAN_VELOCITY>
    <FLOW type="double">11.25</FLOW>
    <VERTICAL_NUMBER type="integer">4</VERTICAL_NUMBER>
    <DISTANCE type="double">7.5</DISTANCE>
    <DEPTH type="double">1</DEPTH>
    <SITE_ID type="text">DEMO4</SITE_ID>
    <SAMPLE_DEPTH type="double">0.6</SAMPLE_DEPTH>
    <GAUGING_ID type="double">2</GAUGING_ID>
  </GF_PANELSItem>
  <GF_PANELSItem>
    <PANEL_ID type="double">15</PANEL_ID>
    <STAGE type="double">-999999999.999</STAGE>
    <AREA type="double">1.25</AREA>
    <MEAN_VELOCITY type="double">1</MEAN_VELOCITY>
    <FLOW type="double">1.25</FLOW>
    <VERTICAL_NUMBER type="integer">5</VERTICAL_NUMBER>
    <DISTANCE type="double">10</DISTANCE>
    <DEPTH type="double">0</DEPTH>
    <SITE_ID type="text">DEMO4</SITE_ID>
    <SAMPLE_DEPTH type="double">0</SAMPLE_DEPTH>
    <GAUGING_ID type="double">2</GAUGING_ID>
  </GF_PANELSItem>
  <GF_PANELSItem>
    <PANEL_ID type="double">16</PANEL_ID>
    <STAGE type="double">-999999999.999</STAGE>
    <AREA type="double">0</AREA>
    <MEAN_VELOCITY type="double">0</MEAN_VELOCITY>
    <FLOW type="double">0</FLOW>
    <VERTICAL_NUMBER type="integer">1</VERTICAL_NUMBER>
    <DISTANCE type="double">0</DISTANCE>
    <DEPTH type="double">0</DEPTH>
    <SITE_ID type="text">DEMO5</SITE_ID>
    <SAMPLE_DEPTH type="double">0</SAMPLE_DEPTH>
    <GAUGING_ID type="double">7</GAUGING_ID>
  </GF_PANELSItem>
  <GF_PANELSItem>
    <PANEL_ID type="double">17</PANEL_ID>
    <STAGE type="double">-999999999.999</STAGE>
    <AREA type="double">0.5</AREA>
    <MEAN_VELOCITY type="double">1</MEAN_VELOCITY>
    <FLOW type="double">0.5</FLOW>
    <VERTICAL_NUMBER type="integer">2</VERTICAL_NUMBER>
    <DISTANCE type="double">1</DISTANCE>
    <DEPTH type="double">1</DEPTH>
    <SITE_ID type="text">DEMO5</SITE_ID>
    <SAMPLE_DEPTH type="double">0.6</SAMPLE_DEPTH>
    <GAUGING_ID type="double">7</GAUGING_ID>
  </GF_PANELSItem>
  <GF_PANELSItem>
    <PANEL_ID type="double">18</PANEL_ID>
    <STAGE type="double">-999999999.999</STAGE>
    <AREA type="double">1.5</AREA>
    <MEAN_VELOCITY type="double">3</MEAN_VELOCITY>
    <FLOW type="double">4.5</FLOW>
    <VERTICAL_NUMBER type="integer">3</VERTICAL_NUMBER>
    <DISTANCE type="double">2</DISTANCE>
    <DEPTH type="double">2</DEPTH>
    <SITE_ID type="text">DEMO5</SITE_ID>
    <SAMPLE_DEPTH type="double">1.2</SAMPLE_DEPTH>
    <GAUGING_ID type="double">7</GAUGING_ID>
  </GF_PANELSItem>
  <GF_PANELSItem>
    <PANEL_ID type="double">19</PANEL_ID>
    <STAGE type="double">-999999999.999</STAGE>
    <AREA type="double">1</AREA>
    <MEAN_VELOCITY type="double">2</MEAN_VELOCITY>
    <FLOW type="double">2</FLOW>
    <VERTICAL_NUMBER type="integer">4</VERTICAL_NUMBER>
    <DISTANCE type="double">3</DISTANCE>
    <DEPTH type="double">0</DEPTH>
    <SITE_ID type="text">DEMO5</SITE_ID>
    <SAMPLE_DEPTH type="double">0</SAMPLE_DEPTH>
    <GAUGING_ID type="double">7</GAUGING_ID>
  </GF_PANELSItem>
  <GF_PANELSItem>
    <PANEL_ID type="double">20</PANEL_ID>
    <STAGE type="double">-999999999.999</STAGE>
    <AREA type="double">0</AREA>
    <MEAN_VELOCITY type="double">0</MEAN_VELOCITY>
    <FLOW type="double">0</FLOW>
    <VERTICAL_NUMBER type="integer">5</VERTICAL_NUMBER>
    <DISTANCE type="double">4</DISTANCE>
    <DEPTH type="double">0</DEPTH>
    <SITE_ID type="text">DEMO5</SITE_ID>
    <SAMPLE_DEPTH type="double">0</SAMPLE_DEPTH>
    <GAUGING_ID type="double">7</GAUGING_ID>
  </GF_PANELSItem>
  <GF_PANELSItem>
    <PANEL_ID type="double">26</PANEL_ID>
    <STAGE type="double">-999999999.999</STAGE>
    <AREA type="double">0</AREA>
    <MEAN_VELOCITY type="double">0</MEAN_VELOCITY>
    <FLOW type="double">0</FLOW>
    <VERTICAL_NUMBER type="integer">1</VERTICAL_NUMBER>
    <DISTANCE type="double">0</DISTANCE>
    <DEPTH type="double">0</DEPTH>
    <SITE_ID type="text">DEMO3</SITE_ID>
    <SAMPLE_DEPTH type="double">0</SAMPLE_DEPTH>
    <GAUGING_ID type="double">1</GAUGING_ID>
  </GF_PANELSItem>
  <GF_PANELSItem>
    <PANEL_ID type="double">27</PANEL_ID>
    <STAGE type="double">-999999999.999</STAGE>
    <AREA type="double">1.25</AREA>
    <MEAN_VELOCITY type="double">1</MEAN_VELOCITY>
    <FLOW type="double">1.25</FLOW>
    <VERTICAL_NUMBER type="integer">2</VERTICAL_NUMBER>
    <DISTANCE type="double">2.5</DISTANCE>
    <DEPTH type="double">1</DEPTH>
    <SITE_ID type="text">DEMO3</SITE_ID>
    <SAMPLE_DEPTH type="double">0.6</SAMPLE_DEPTH>
    <GAUGING_ID type="double">1</GAUGING_ID>
  </GF_PANELSItem>
  <GF_PANELSItem>
    <PANEL_ID type="double">28</PANEL_ID>
    <STAGE type="double">-999999999.999</STAGE>
    <AREA type="double">3.75</AREA>
    <MEAN_VELOCITY type="double">3</MEAN_VELOCITY>
    <FLOW type="double">11.25</FLOW>
    <VERTICAL_NUMBER type="integer">3</VERTICAL_NUMBER>
    <DISTANCE type="double">5</DISTANCE>
    <DEPTH type="double">2</DEPTH>
    <SITE_ID type="text">DEMO3</SITE_ID>
    <SAMPLE_DEPTH type="double">1.2</SAMPLE_DEPTH>
    <GAUGING_ID type="double">1</GAUGING_ID>
  </GF_PANELSItem>
  <GF_PANELSItem>
    <PANEL_ID type="double">29</PANEL_ID>
    <STAGE type="double">-999999999.999</STAGE>
    <AREA type="double">3.75</AREA>
    <MEAN_VELOCITY type="double">3</MEAN_VELOCITY>
    <FLOW type="double">11.25</FLOW>
    <VERTICAL_NUMBER type="integer">4</VERTICAL_NUMBER>
    <DISTANCE type="double">7.5</DISTANCE>
    <DEPTH type="double">1</DEPTH>
    <SITE_ID type="text">DEMO3</SITE_ID>
    <SAMPLE_DEPTH type="double">0.6</SAMPLE_DEPTH>
    <GAUGING_ID type="double">1</GAUGING_ID>
  </GF_PANELSItem>
  <GF_PANELSItem>
    <PANEL_ID type="double">30</PANEL_ID>
    <STAGE type="double">-999999999.999</STAGE>
    <AREA type="double">1.25</AREA>
    <MEAN_VELOCITY type="double">1</MEAN_VELOCITY>
    <FLOW type="double">1.25</FLOW>
    <VERTICAL_NUMBER type="integer">5</VERTICAL_NUMBER>
    <DISTANCE type="double">10</DISTANCE>
    <DEPTH type="double">0</DEPTH>
    <SITE_ID type="text">DEMO3</SITE_ID>
    <SAMPLE_DEPTH type="double">0</SAMPLE_DEPTH>
    <GAUGING_ID type="double">1</GAUGING_ID>
  </GF_PANELSItem>
</GF_PANELS>
