<?xml version="1.0" encoding="ISO-8859-1"?>
<!-- xml created by Hydro-Logic xml converter -->
<GF_SITE_DETAILS>
  <GF_SITE_DETAILSItem>
    <SITE_ID type="text">DEMO3</SITE_ID>
    <SITE_NAME type="text">Kingsfield House</SITE_NAME>
    <SITE_LOCATION type="text">Butts Bridge</SITE_LOCATION>
    <RIVER_NAME type="text">River Lugg</RIVER_NAME>
    <LOC_REF_NGR type="text"></LOC_REF_NGR>
    <RATING_NUMBER type="text">12</RATING_NUMBER>
    <DESCRIPTION type="text"></DESCRIPTION>
    <MIN_STAGE type="double">0</MIN_STAGE>
    <NEW_GAUGINGS type="double">0</NEW_GAUGINGS>
    <INDEX_VELOCITY_SITE type="boolean">False</INDEX_VELOCITY_SITE>
    <NEW_SITE type="boolean">True</NEW_SITE>
  </GF_SITE_DETAILSItem>
  <GF_SITE_DETAILSItem>
    <SITE_ID type="text">DEMO4</SITE_ID>
    <SITE_NAME type="text">Oak Tree House</SITE_NAME>
    <SITE_LOCATION type="text">Newtown</SITE_LOCATION>
    <RIVER_NAME type="text">The Avon</RIVER_NAME>
    <LOC_REF_NGR type="text"></LOC_REF_NGR>
    <RATING_NUMBER type="text">NEW</RATING_NUMBER>
    <DESCRIPTION type="text"></DESCRIPTION>
    <MIN_STAGE type="double">0.089</MIN_STAGE>
    <NEW_GAUGINGS type="double">0</NEW_GAUGINGS>
    <INDEX_VELOCITY_SITE type="boolean">False</INDEX_VELOCITY_SITE>
    <NEW_SITE type="boolean">True</NEW_SITE>
  </GF_SITE_DETAILSItem>
  <GF_SITE_DETAILSItem>
    <SITE_ID type="text">DEMO5</SITE_ID>
    <SITE_NAME type="text">Butford Farm</SITE_NAME>
    <SITE_LOCATION type="text">Bowley Lane</SITE_LOCATION>
    <RIVER_NAME type="text">River Stour</RIVER_NAME>
    <LOC_REF_NGR type="text"></LOC_REF_NGR>
    <RATING_NUMBER type="text">TEST</RATING_NUMBER>
    <DESCRIPTION type="text"></DESCRIPTION>
    <MIN_STAGE type="double">0.053</MIN_STAGE>
    <NEW_GAUGINGS type="double">0</NEW_GAUGINGS>
    <INDEX_VELOCITY_SITE type="boolean">False</INDEX_VELOCITY_SITE>
    <NEW_SITE type="boolean">True</NEW_SITE>
  </GF_SITE_DETAILSItem>
  <GF_SITE_DETAILSItem>
    <SITE_ID type="text">DEMO6</SITE_ID>
    <SITE_NAME type="text">Old Grammar School</SITE_NAME>
    <SITE_LOCATION type="text">Bromyard</SITE_LOCATION>
    <RIVER_NAME type="text">Church Street</RIVER_NAME>
    <LOC_REF_NGR type="text">SE281340</LOC_REF_NGR>
    <RATING_NUMBER type="text">E</RATING_NUMBER>
    <DESCRIPTION type="text"></DESCRIPTION>
    <MIN_STAGE type="double">0.164</MIN_STAGE>
    <NEW_GAUGINGS type="double">0</NEW_GAUGINGS>
    <INDEX_VELOCITY_SITE type="boolean">False</INDEX_VELOCITY_SITE>
    <NEW_SITE type="boolean">True</NEW_SITE>
  </GF_SITE_DETAILSItem>
  <GF_SITE_DETAILSItem>
    <SITE_ID type="text">LONESOME</SITE_ID>
    <SITE_NAME type="text">Lonesome Pine</SITE_NAME>
    <SITE_LOCATION type="text">Drigg</SITE_LOCATION>
    <RIVER_NAME type="text">Drigg Stream</RIVER_NAME>
    <LOC_REF_NGR type="text"></LOC_REF_NGR>
    <RATING_NUMBER type="text">3</RATING_NUMBER>
    <DESCRIPTION type="text">1/2 90 Notch</DESCRIPTION>
    <MIN_STAGE type="double">0</MIN_STAGE>
    <NEW_GAUGINGS type="double">0</NEW_GAUGINGS>
    <INDEX_VELOCITY_SITE type="boolean">False</INDEX_VELOCITY_SITE>
    <NEW_SITE type="boolean">True</NEW_SITE>
  </GF_SITE_DETAILSItem>
</GF_SITE_DETAILS>
